Model,MSE,RMSE,MAE,Error Percentage
Linear Regression,96133.24114605927,310.05361011615275,265.8060003180219,25.633219234040812
Random Forest,4145.6932205175735,64.38705786505214,31.798183654622832,3.066483871274655
k-Nearest Neighbors,172572.74351184542,367.80108830166233,255.34611353953116,24.624511489913488
Artificial Neural Network,45483.69210114963,213.26906034666544,148.08765860483157,14.280954584666189
LSTM,618530.7167309084,786.4672381802743,660.7635144946378,63.75046598934189
