Model,MSE,RMSE,MAE,Error Percentage
Linear Regression,21.361572317383906,4.621858102255402,3.44508630957658,18.374387518184694
Random Forest,8.314112195934142,2.883420225345959,1.5165904701117312,8.088743938506374
k-Nearest Neighbors,17.978608134758776,4.220913653822673,2.6479394231982503,14.122800044595396
Artificial Neural Network,10.513288863353372,3.242420216960376,2.3576567004425355,12.574575484031971
LSTM,48.26091953069576,6.9470079552779955,4.731170547142457,24.936436801236766
