Model,MSE,RMSE,MAE,Error Percentage
Linear Regression,99763.89014022738,315.8542229260634,271.3705623054079,25.325807290368175
Random Forest,3911.9141126382924,62.545296486932514,31.01023925402486,2.8940476693701918
k-Nearest Neighbors,165355.69420189643,363.9867015807143,252.78779537119763,23.5915603245238
Artificial Neural Network,45875.42023879475,214.18548092434918,148.8973900544728,13.89593099016552
LSTM,646855.5525317767,804.2733071113182,670.3514634004999,62.52253097948841
