Model,MSE,RMSE,MAE,Error Percentage
Linear Regression,96133.23681693613,310.0536031349033,265.80600647662385,25.633219827950626
Random Forest,4145.737253224627,64.3873998017052,31.800462906478987,3.0667036727932384
k-Nearest Neighbors,172548.5583786049,367.74583942757,255.29052843314818,24.619151094676518
Artificial Neural Network,42584.0271604445,206.3589764474628,142.43045855583028,13.735397866859303
LSTM,613166.9294778457,783.0497618145641,673.2966543810462,64.9596633656214
